{
  "version": 1,
  "author": "Anonymous maker",
  "editor": "wokwi",
  "parts": [
    { "type": "wokwi-breadboard-half", "id": "bb1", "top": 45, "left": -45.2, "attrs": {} },
    {
      "type": "board-esp32-devkit-c-v4",
      "id": "esp",
      "top": 46.34,
      "left": 32.5,
      "rotate": 90,
      "attrs": {}
    },
    { "type": "wokwi-hx711", "id": "cell1", "top": -83.8, "left": -7, "attrs": { "type": "5kg" } },
    {
      "type": "wokwi-lcd1602",
      "id": "lcd1",
      "top": -99.2,
      "left": 236,
      "attrs": { "pins": "i2c" }
    },
    {
      "type": "wokwi-led-bar-graph",
      "id": "bargraph1",
      "top": 244.6,
      "left": 101,
      "rotate": 90,
      "attrs": { "color": "GYR" }
    },
    {
      "type": "wokwi-slide-switch",
      "id": "sw1",
      "top": 69,
      "left": -90.1,
      "rotate": 270,
      "attrs": {}
    },
    {
      "type": "wokwi-resistor",
      "id": "r1",
      "top": 340.8,
      "left": 47.45,
      "rotate": 90,
      "attrs": { "value": "1000" }
    },
    {
      "type": "wokwi-resistor",
      "id": "r2",
      "top": 340.8,
      "left": 57.05,
      "rotate": 90,
      "attrs": { "value": "1000" }
    },
    {
      "type": "wokwi-resistor",
      "id": "r3",
      "top": 340.8,
      "left": 66.65,
      "rotate": 90,
      "attrs": { "value": "1000" }
    },
    {
      "type": "wokwi-resistor",
      "id": "r4",
      "top": 340.8,
      "left": 76.25,
      "rotate": 90,
      "attrs": { "value": "1000" }
    },
    {
      "type": "wokwi-resistor",
      "id": "r5",
      "top": 340.8,
      "left": 85.85,
      "rotate": 90,
      "attrs": { "value": "1000" }
    },
    {
      "type": "wokwi-resistor",
      "id": "r6",
      "top": 340.8,
      "left": 133.85,
      "rotate": 90,
      "attrs": { "value": "1000" }
    },
    {
      "type": "wokwi-resistor",
      "id": "r7",
      "top": 340.8,
      "left": 124.25,
      "rotate": 90,
      "attrs": { "value": "1000" }
    },
    {
      "type": "wokwi-resistor",
      "id": "r8",
      "top": 340.8,
      "left": 114.65,
      "rotate": 90,
      "attrs": { "value": "1000" }
    },
    {
      "type": "wokwi-resistor",
      "id": "r9",
      "top": 340.8,
      "left": 105.05,
      "rotate": 90,
      "attrs": { "value": "1000" }
    },
    {
      "type": "wokwi-resistor",
      "id": "r10",
      "top": 340.8,
      "left": 95.45,
      "rotate": 90,
      "attrs": { "value": "1000" }
    },
    {
      "type": "wokwi-tm1637-7segment",
      "id": "sevseg1",
      "top": -38.44,
      "left": -252.17,
      "attrs": { "color": "red" }
    }
  ],
  "connections": [
    [ "esp:TX", "$serialMonitor:RX", "", [] ],
    [ "esp:RX", "$serialMonitor:TX", "", [] ],
    [ "esp:GND.1", "bb1:tn.5", "black", [ "v0" ] ],
    [ "esp:5V", "sw1:2", "red", [ "v0" ] ],
    [ "sw1:3", "bb1:tp.1", "red", [ "h0" ] ],
    [ "lcd1:GND", "bb1:tn.20", "black", [ "h-38.4", "v134.4" ] ],
    [ "lcd1:VCC", "bb1:tp.21", "red", [ "h0" ] ],
    [ "esp:21", "lcd1:SDA", "green", [ "v19.2", "h96", "v-268.8" ] ],
    [ "lcd1:SCL", "esp:22", "green", [ "h-19.2", "v249.9", "h-76.8" ] ],
    [ "cell1:GND", "bb1:tn.1", "black", [ "h0" ] ],
    [ "cell1:VCC", "bb1:tp.2", "red", [ "h0" ] ],
    [ "cell1:SCK", "esp:14", "green", [ "h0" ] ],
    [ "cell1:DT", "esp:12", "green", [ "h0" ] ],
    [ "r1:1", "bargraph1:C10", "green", [ "h0" ] ],
    [ "r2:1", "bargraph1:C9", "green", [ "h0" ] ],
    [ "r3:1", "bargraph1:C8", "green", [ "h0" ] ],
    [ "r4:1", "bargraph1:C7", "green", [ "h0" ] ],
    [ "r5:1", "bargraph1:C6", "green", [ "h0" ] ],
    [ "r10:1", "bargraph1:C5", "green", [ "h0" ] ],
    [ "r9:1", "bargraph1:C4", "green", [ "h0" ] ],
    [ "r8:1", "bargraph1:C3", "green", [ "h0" ] ],
    [ "r7:1", "bargraph1:C2", "green", [ "h0" ] ],
    [ "r6:1", "bargraph1:C1", "green", [ "h0" ] ],
    [ "r1:2", "r2:2", "green", [ "h0" ] ],
    [ "r2:2", "r3:2", "green", [ "h0" ] ],
    [ "r3:2", "r4:2", "green", [ "h0" ] ],
    [ "r4:2", "r5:2", "green", [ "h0" ] ],
    [ "r5:2", "r10:2", "green", [ "h0" ] ],
    [ "r10:2", "r9:2", "green", [ "h0" ] ],
    [ "r9:2", "r8:2", "green", [ "h0" ] ],
    [ "r8:2", "r7:2", "green", [ "h0" ] ],
    [ "r7:2", "r6:2", "green", [ "h0" ] ],
    [ "r6:2", "bb1:bn.19", "green", [ "h0" ] ],
    [ "esp:GND.3", "bb1:bn.11", "black", [ "v0" ] ],
    [ "esp:15", "bargraph1:A10", "green", [ "v0" ] ],
    [ "esp:2", "bargraph1:A9", "green", [ "v67.2", "h57.6" ] ],
    [ "esp:0", "bargraph1:A8", "green", [ "v67.2", "h57.6" ] ],
    [ "esp:4", "bargraph1:A7", "green", [ "v67.2", "h57.6" ] ],
    [ "esp:16", "bargraph1:A6", "green", [ "v67.2", "h57.6" ] ],
    [ "esp:17", "bargraph1:A5", "green", [ "v67.2", "h57.6" ] ],
    [ "esp:5", "bargraph1:A4", "green", [ "v67.2", "h57.6" ] ],
    [ "esp:18", "bargraph1:A3", "green", [ "v67.2", "h57.6" ] ],
    [ "esp:19", "bargraph1:A2", "green", [ "v67.2", "h57.6" ] ],
    [ "esp:23", "bargraph1:A1", "green", [ "v57.6", "h9.6" ] ],
    [ "esp:0", "bb1:7b.j", "", [ "$bb" ] ],
    [ "esp:2", "bb1:6b.j", "", [ "$bb" ] ],
    [ "esp:4", "bb1:8b.j", "", [ "$bb" ] ],
    [ "esp:5", "bb1:11b.j", "", [ "$bb" ] ],
    [ "esp:12", "bb1:8t.b", "", [ "$bb" ] ],
    [ "esp:13", "bb1:6t.b", "", [ "$bb" ] ],
    [ "esp:14", "bb1:9t.b", "", [ "$bb" ] ],
    [ "esp:15", "bb1:5b.j", "", [ "$bb" ] ],
    [ "esp:16", "bb1:9b.j", "", [ "$bb" ] ],
    [ "esp:17", "bb1:10b.j", "", [ "$bb" ] ],
    [ "esp:18", "bb1:12b.j", "", [ "$bb" ] ],
    [ "esp:19", "bb1:13b.j", "", [ "$bb" ] ],
    [ "esp:21", "bb1:15b.j", "", [ "$bb" ] ],
    [ "esp:22", "bb1:18b.j", "", [ "$bb" ] ],
    [ "esp:23", "bb1:19b.j", "", [ "$bb" ] ],
    [ "esp:25", "bb1:12t.b", "", [ "$bb" ] ],
    [ "esp:26", "bb1:11t.b", "", [ "$bb" ] ],
    [ "esp:27", "bb1:10t.b", "", [ "$bb" ] ],
    [ "esp:32", "bb1:14t.b", "", [ "$bb" ] ],
    [ "esp:33", "bb1:13t.b", "", [ "$bb" ] ],
    [ "esp:34", "bb1:16t.b", "", [ "$bb" ] ],
    [ "esp:35", "bb1:15t.b", "", [ "$bb" ] ],
    [ "esp:3V3", "bb1:20t.b", "", [ "$bb" ] ],
    [ "esp:EN", "bb1:19t.b", "", [ "$bb" ] ],
    [ "esp:VP", "bb1:18t.b", "", [ "$bb" ] ],
    [ "esp:VN", "bb1:17t.b", "", [ "$bb" ] ],
    [ "esp:GND.1", "bb1:7t.b", "", [ "$bb" ] ],
    [ "esp:D2", "bb1:5t.b", "", [ "$bb" ] ],
    [ "esp:D3", "bb1:4t.b", "", [ "$bb" ] ],
    [ "esp:CMD", "bb1:3t.b", "", [ "$bb" ] ],
    [ "esp:5V", "bb1:2t.b", "", [ "$bb" ] ],
    [ "esp:GND.2", "bb1:20b.j", "", [ "$bb" ] ],
    [ "esp:TX", "bb1:17b.j", "", [ "$bb" ] ],
    [ "esp:RX", "bb1:16b.j", "", [ "$bb" ] ],
    [ "esp:GND.3", "bb1:14b.j", "", [ "$bb" ] ],
    [ "esp:D1", "bb1:4b.j", "", [ "$bb" ] ],
    [ "esp:D0", "bb1:3b.j", "", [ "$bb" ] ],
    [ "esp:CLK", "bb1:2b.j", "", [ "$bb" ] ],
    [ "sevseg1:VCC", "bb1:tp.3", "red", [ "h0" ] ],
    [ "sevseg1:GND", "bb1:tn.4", "black", [ "h0" ] ],
    [ "sevseg1:CLK", "esp:25", "green", [ "h0" ] ],
    [ "sevseg1:DIO", "esp:26", "green", [ "h0" ] ]
  ],
  "dependencies": {}
}